{
    "chinese cf fixed": {
        "WeightedAvgRMSE": 0.82526028805404,
        "WeightedAvgMAE": 0.6624815379397089
    }
}