{"Model": "2017 Paper (CF) Subset", "RMSE": 0.9445321436016523, "MAE": 0.7135792925755985}