{
    "Euclidean Distance": {
        "rmse": [
            0.4400000000000004,
            1.1770166753144382,
            1.4089113705269045,
            1.0771531528657763,
            1.0949486289319694,
            1.101686476716097,
            1.5843204942723643
        ],
        "mae": [
            0.4400000000000004,
            0.9295238095238095,
            0.9331250000000001,
            0.8295348837209302,
            0.7825000000000001,
            0.8597343453510438,
            1.1528571428571428
        ]
    },
    "Pearson Correlation": {
        "rmse": [
            0.2999999999999998,
            1.2656066993581843,
            0.9725707570922645,
            1.1255212241257098,
            1.0787280054557562,
            1.1847106646173946,
            1.5948787214404683
        ],
        "mae": [
            0.2999999999999998,
            1.001111111111111,
            0.5665546218487395,
            0.8640557802852886,
            0.7598565066798615,
            0.9149521916122314,
            1.1860027100271002
        ]
    },
    "Jaccard Index": {
        "rmse": [
            0.40000000000000036,
            1.2639287452288888,
            1.425602942617614,
            1.0977684717324871,
            1.1139698779091332,
            1.1363557087791656,
            1.6389515536226051
        ],
        "mae": [
            0.40000000000000036,
            0.9715873015873014,
            0.966875,
            0.8483665338645419,
            0.7728888888888887,
            0.8836718750000001,
            1.196951219512195
        ]
    }
}