{
    "Euclidean Distance": {
        "rmse": [
            0.2999999999999998,
            0.9089737803332577,
            0.8542186334213335,
            0.8998918853981324,
            0.8992627365724408,
            1.0828703601000522,
            1.2894515862406106
        ],
        "mae": [
            0.2999999999999998,
            0.6952173913043478,
            0.4489473684210526,
            0.6789864864864865,
            0.6240816326530612,
            0.8166258741258742,
            0.9950561797752809
        ]
    },
    "Pearson Correlation": {
        "rmse": [
            0.2999999999999998,
            0.9355775159885875,
            0.7931564078602993,
            0.9526496706330456,
            0.9142880609498786,
            1.0987664533642973,
            1.2258978180898414
        ],
        "mae": [
            0.2999999999999998,
            0.720705321511087,
            0.4793901420217209,
            0.7201318609657736,
            0.6814352854017387,
            0.8256082923216562,
            0.9619087747458533
        ]
    },
    "Jaccard Index": {
        "rmse": [
            0.2999999999999998,
            0.7881900013707797,
            0.8870827410527635,
            0.931582676837533,
            0.8737603463519862,
            1.0744769421912688,
            1.235101779002193
        ],
        "mae": [
            0.2999999999999998,
            0.5811594202898549,
            0.4768421052631579,
            0.7048986486486487,
            0.6187755102040816,
            0.8181468531468531,
            0.962921348314607
        ]
    }
}