{
    "Proposed Method (Euclidean Distance)": {
        "1": {
            "rmse": [
                0.0,
                0.933374821542338
            ],
            "mae": [
                0.0,
                0.6669946697856965
            ]
        },
        "2": {
            "rmse": [
                0.0,
                1.0622807649153874
            ],
            "mae": [
                0.0,
                0.7989521879889764
            ]
        },
        "3": {
            "rmse": [
                0.0,
                1.0088984322403776
            ],
            "mae": [
                0.0,
                0.7692113650553193
            ]
        },
        "4": {
            "rmse": [
                0.0,
                1.00052350227921
            ],
            "mae": [
                0.0,
                0.7737890242090218
            ]
        },
        "5": {
            "rmse": [
                0.0,
                1.047844785685249
            ],
            "mae": [
                0.0,
                0.8225511335275688
            ]
        },
        "6": {
            "rmse": [
                0.0,
                1.0043299640402088
            ],
            "mae": [
                0.0,
                0.7881087700992916
            ]
        },
        "7": {
            "rmse": [
                0.0,
                0.9532151006789179
            ],
            "mae": [
                0.0,
                0.7478624064073557
            ]
        }
    }
}