{
    "Proposed Method (Euclidean Distance)": {
        "1": {
            "rmse": [
                0.0,
                0.933374821542338
            ],
            "mae": [
                0.0,
                0.6669946697856965
            ]
        },
        "2": {
            "rmse": [
                0.0,
                1.066895987245206
            ],
            "mae": [
                0.0,
                0.8039949483460984
            ]
        },
        "3": {
            "rmse": [
                0.0,
                0.9914205274255727
            ],
            "mae": [
                0.0,
                0.7582565800331743
            ]
        },
        "4": {
            "rmse": [
                0.0,
                1.0256404124489156
            ],
            "mae": [
                0.0,
                0.7924294839329385
            ]
        },
        "5": {
            "rmse": [
                0.0,
                1.0519897120262827
            ],
            "mae": [
                0.0,
                0.8224889627242021
            ]
        },
        "6": {
            "rmse": [
                0.0,
                0.9909294887429324
            ],
            "mae": [
                0.0,
                0.7742272424253102
            ]
        },
        "7": {
            "rmse": [
                0.0,
                0.9435210382243607
            ],
            "mae": [
                0.0,
                0.7410855974851908
            ]
        }
    }
}